{"train/train_loss": 0.41462936193645, "train/train_accuracy": 0.8394, "test/test_loss": 2.3019460279875332, "test/test_accuracy": 0.6675555555555556, "_timestamp": 1655925379, "_runtime": 6746, "_step": 199, "_wandb": {"runtime": 6745}}