{"train/train_loss": 0.1329570847565308, "train/train_accuracy": 0.9577, "test/test_loss": 15.208545946995418, "test/test_accuracy": 0.4742222222222222, "_timestamp": 1655850450, "_runtime": 102434, "_step": 74}