{"train/train_loss": 1.7429662344935604, "train/train_accuracy": 0.4329, "train/train_adj_density": 0.031586960862619806, "_timestamp": 1666924373, "_runtime": 60, "_step": 0, "_wandb": {"runtime": 61}}