{"train/train_loss": 0.2591533862521406, "train/train_accuracy": 0.9036, "test/test_loss": 4.072852592858589, "test/test_accuracy": 0.6195555555555555, "_timestamp": 1655877407, "_runtime": 25196, "_step": 48}